{
    "display": {
        "icon": {
            "item": "sweetmagic:divine_crystal"
        },
        "title": {
            "translate": "smadbent.divine_crystal.title"
        },
        "description": {
            "translate": "smadbent.divine_crystal.text"
        }
    },
    "parent": "sweetmagic:magic/aether_wand",
    "criteria": {
        "divine_crystal": {
            "trigger": "minecraft:inventory_changed",
            "conditions": {
                "items": [
                    {
                        "item": "sweetmagic:divine_crystal"
                    }
                ]
            }
        }
    },
   "rewards": {
 		"experience": 5
	}
}