{
    "display": {
        "icon": {
            "item": "sweetmagic:divine_wand"
        },
        "title": {
            "translate": "smadbent.divine_wand.title"
        },
        "description": {
            "translate": "smadbent.divine_wand.text"
        }
    },
    "parent": "sweetmagic:magic/divine_crystal",
    "criteria": {
        "divine_wand": {
            "trigger": "minecraft:inventory_changed",
            "conditions": {
                "items": [
                    {
                        "item": "sweetmagic:divine_wand"
                    }
                ]
            }
        }
    },
   "rewards": {
 		"experience": 5
	}
}