{
    "display": {
        "icon": {
            "item": "sweetmagic:magic_book"
        },
        "title": {
            "translate": "smadbent.magic_book.title"
        },
        "description": {
            "translate": "smadbent.magic_book.text"
        }
    },
    "parent": "sweetmagic:magic/twilight_alstroemeria",
    "criteria": {
        "magic_book": {
            "trigger": "minecraft:inventory_changed",
            "conditions": {
                "items": [
                    {
                        "item": "sweetmagic:magic_book"
                    }
                ]
            }
        }
    },
   "rewards": {
 		"experience": 5
	}
}