{
    "display": {
        "icon": {
            "item": "sweetmagic:mftable"
        },
        "title": {
            "translate": "smadbent.mftable.title"
        },
        "description": {
            "translate": "smadbent.mftable.text"
        }
    },
    "parent": "sweetmagic:magic/mftank",
    "criteria": {
        "mftable": {
            "trigger": "minecraft:inventory_changed",
            "conditions": {
                "items": [
                    {
                        "item": "sweetmagic:mftable"
                    }
                ]
            }
        }
    },
   "rewards": {
 		"experience": 5
	}
}