{
    "display": {
        "icon": {
            "item": "sweetmagic:pure_crystal"
        },
        "title": {
            "translate": "smadbent.pure_crystal.title"
        },
        "description": {
            "translate": "smadbent.pure_crystal.text"
        }
    },
    "parent": "sweetmagic:magic/divine_wand",
    "criteria": {
        "pure_crystal": {
            "trigger": "minecraft:inventory_changed",
            "conditions": {
                "items": [
                    {
                        "item": "sweetmagic:pure_crystal"
                    }
                ]
            }
        }
    },
   "rewards": {
 		"experience": 5
	}
}